-- MySQL Database Export
-- Database: valve_test_suite
-- Export Date: 2025-10-03T16:36:31.817Z
-- Generated by Node.js export script

SET FOREIGN_KEY_CHECKS = 0;
SET SQL_MODE = "NO_AUTO_VALUE_ON_ZERO";
SET AUTOCOMMIT = 0;
START TRANSACTION;

-- Create database
CREATE DATABASE IF NOT EXISTS `valve_test_suite` DEFAULT CHARACTER SET utf8mb4 COLLATE utf8mb4_unicode_ci;
USE `valve_test_suite`;

-- Table structure for `pop_test_headers`
DROP TABLE IF EXISTS `pop_test_headers`;
CREATE TABLE `pop_test_headers` (
  `id` int NOT NULL AUTO_INCREMENT,
  `report_number` varchar(50) NOT NULL,
  `operator_id` int NOT NULL,
  `operator_name` varchar(100) NOT NULL,
  `company` varchar(100) NOT NULL,
  `equipment_no` varchar(50) NOT NULL,
  `ref_no` varchar(50) NOT NULL,
  `test_medium` varchar(50) DEFAULT 'N2',
  `ambient_temp` varchar(50) DEFAULT '(23±5)°C',
  `test_date` date NOT NULL,
  `next_test_date` date DEFAULT NULL,
  `master_pressure_gauge` varchar(50) DEFAULT '22024750',
  `calibration_cert` varchar(50) DEFAULT 'CMS-5009-24',
  `gauge_due_date` date DEFAULT NULL,
  `range` varchar(50) DEFAULT '(0~600) psi',
  `make_model` varchar(50) DEFAULT 'Winter/PFP',
  `calibrate_company` varchar(50) DEFAULT 'Caltek Pte Ltd',
  `remarks` text,
  `attachments` json DEFAULT NULL,
  `status` enum('pending','approved','rejected') DEFAULT 'pending',
  `approved_by` int DEFAULT NULL,
  `approved_at` timestamp NULL DEFAULT NULL,
  `rejection_reason` text,
  `created_at` timestamp NULL DEFAULT CURRENT_TIMESTAMP,
  `updated_at` timestamp NULL DEFAULT CURRENT_TIMESTAMP ON UPDATE CURRENT_TIMESTAMP,
  PRIMARY KEY (`id`),
  UNIQUE KEY `report_number` (`report_number`),
  KEY `approved_by` (`approved_by`),
  KEY `idx_report_number` (`report_number`),
  KEY `idx_equipment_no` (`equipment_no`),
  KEY `idx_ref_no` (`ref_no`),
  KEY `idx_operator_id` (`operator_id`),
  KEY `idx_status` (`status`),
  KEY `idx_test_date` (`test_date`),
  CONSTRAINT `pop_test_headers_ibfk_1` FOREIGN KEY (`operator_id`) REFERENCES `users` (`id`) ON DELETE CASCADE,
  CONSTRAINT `pop_test_headers_ibfk_2` FOREIGN KEY (`approved_by`) REFERENCES `users` (`id`) ON DELETE SET NULL
) ENGINE=InnoDB AUTO_INCREMENT=8 DEFAULT CHARSET=utf8mb4 COLLATE=utf8mb4_0900_ai_ci;

-- Data for table `pop_test_headers`
INSERT INTO `pop_test_headers` (`id`, `report_number`, `operator_id`, `operator_name`, `company`, `equipment_no`, `ref_no`, `test_medium`, `ambient_temp`, `test_date`, `next_test_date`, `master_pressure_gauge`, `calibration_cert`, `gauge_due_date`, `range`, `make_model`, `calibrate_company`, `remarks`, `attachments`, `status`, `approved_by`, `approved_at`, `rejection_reason`, `created_at`, `updated_at`) VALUES
(1, 'RPT-1759493900877-2', 2, 'John Operator', 'ABC Company', 'TEST-001', 'KSE-031025-99', NULL, NULL, '2025-10-02 18:30:00', NULL, NULL, NULL, NULL, NULL, NULL, NULL, NULL, NULL, 'pending', NULL, NULL, NULL, '2025-10-03 12:18:20', '2025-10-03 12:18:20'),
(2, 'RPT-1759493908215-2', 2, 'John Operator', 'ABC Company', 'SMAU 9220460', 'KSE-031025-01', 'N2', '(23±5)°C', '2025-10-02 18:30:00', '2028-03-29 18:30:00', '22024750', 'CMS-5009-24', '2025-09-30 18:30:00', '(0~600) psi', 'Winter/PFP', 'Caltek Pte Ltd', 'Test report created via API', NULL, 'pending', NULL, NULL, NULL, '2025-10-03 12:18:28', '2025-10-03 12:18:28'),
(3, 'RPT-1759494593256-2', 2, 'John Operator', 'ABC Company', 'SMAU101', 'KSE-031025-32', 'N2', '(23±5)°C', '2025-10-02 18:30:00', '2028-04-01 18:30:00', '22024750', 'CMS-5009-24', '2025-09-30 18:30:00', '(0~600) psi', 'Winter/PFP', 'Caltek Pte Ltd', '', NULL, 'pending', NULL, NULL, NULL, '2025-10-03 12:29:53', '2025-10-03 12:29:53'),
(4, 'RPT-SAMPLE-001', 1, 'Test Operator', 'Test Company', 'SMAU 9220460', 'KSE-031025-01', 'Air', '25.0', '2024-01-14 18:30:00', '2026-07-14 18:30:00', 'Digital Gauge', 'CAL-2024-001', '2025-01-14 18:30:00', '0-50 Bar', 'Test Make Model', 'Test Calibration Co', 'Sample test data', NULL, 'approved', NULL, NULL, NULL, '2025-10-03 14:51:53', '2025-10-03 14:51:53'),
(6, 'RPT-SAMPLE-1759503358881', 1, 'Test Operator', 'Test Company', 'SMAU 9220460', 'KSE-031025-01', 'Air', '25.0', '2024-01-14 18:30:00', '2026-07-14 18:30:00', 'Digital Gauge', 'CAL-2024-001', '2025-01-14 18:30:00', '0-50 Bar', 'Test Make Model', 'Test Calibration Co', 'Sample test data', NULL, 'approved', NULL, NULL, NULL, '2025-10-03 14:55:58', '2025-10-03 14:55:58'),
(7, 'RPT-1759504301442-2', 2, 'Hossien Sajib', 'KryoServe Engineering Pte Ltd', 'SAMU104', 'KSE-031025-59', 'N2', '(23±5)°C', '2025-10-02 18:30:00', '2028-04-01 18:30:00', '22024750', 'CMS-5009-24', '2025-09-30 18:30:00', '(0~600) psi', 'Winter/PFP', 'Caltek Pte Ltd', '', NULL, 'pending', NULL, NULL, NULL, '2025-10-03 15:11:41', '2025-10-03 15:11:41');

-- Table structure for `pop_test_valves`
DROP TABLE IF EXISTS `pop_test_valves`;
CREATE TABLE `pop_test_valves` (
  `id` int NOT NULL AUTO_INCREMENT,
  `header_id` int NOT NULL,
  `valve_index` int NOT NULL,
  `serial_number` varchar(100) NOT NULL,
  `brand` varchar(100) NOT NULL,
  `year_of_manufacture` varchar(7) NOT NULL,
  `material_type` varchar(100) NOT NULL,
  `model` varchar(100) NOT NULL,
  `inlet_size` varchar(50) NOT NULL,
  `outlet_size` varchar(50) NOT NULL,
  `coefficient_discharge` varchar(50) NOT NULL,
  `set_pressure` decimal(10,2) NOT NULL,
  `input_pressure` decimal(10,2) NOT NULL,
  `pop_pressure` decimal(10,2) NOT NULL,
  `reset_pressure` decimal(10,2) NOT NULL,
  `pop_tolerance` varchar(20) DEFAULT NULL,
  `reset_tolerance` varchar(20) DEFAULT NULL,
  `pop_result` varchar(20) DEFAULT NULL,
  `reset_result` varchar(20) DEFAULT NULL,
  `overall_result` varchar(20) DEFAULT NULL,
  `created_at` timestamp NULL DEFAULT CURRENT_TIMESTAMP,
  `updated_at` timestamp NULL DEFAULT CURRENT_TIMESTAMP ON UPDATE CURRENT_TIMESTAMP,
  PRIMARY KEY (`id`),
  KEY `idx_header_id` (`header_id`),
  KEY `idx_serial_number` (`serial_number`),
  KEY `idx_overall_result` (`overall_result`),
  CONSTRAINT `pop_test_valves_ibfk_1` FOREIGN KEY (`header_id`) REFERENCES `pop_test_headers` (`id`) ON DELETE CASCADE
) ENGINE=InnoDB AUTO_INCREMENT=11 DEFAULT CHARSET=utf8mb4 COLLATE=utf8mb4_0900_ai_ci;

-- Data for table `pop_test_valves`
INSERT INTO `pop_test_valves` (`id`, `header_id`, `valve_index`, `serial_number`, `brand`, `year_of_manufacture`, `material_type`, `model`, `inlet_size`, `outlet_size`, `coefficient_discharge`, `set_pressure`, `input_pressure`, `pop_pressure`, `reset_pressure`, `pop_tolerance`, `reset_tolerance`, `pop_result`, `reset_result`, `overall_result`, `created_at`, `updated_at`) VALUES
(1, 1, 1, 'PSV-MIN-001', 'Test Brand', '2020', 'Test Material', 'Test Model', '1 inch', '2 inch', '0.975', '22.00', '23.00', '22.50', '21.00', '2.3%', '4.5%', 'Passed', 'Satisfactory', 'Passed', '2025-10-03 12:18:20', '2025-10-03 12:18:20'),
(2, 2, 1, 'PSV-TEST-001', 'Crosby', '2020', 'Stainless Steel', 'JOS-E', '2 inch', '3 inch', '0.975', '22.00', '23.00', '22.50', '21.00', '2.3%', '4.5%', 'Passed', 'Satisfactory', 'Passed', '2025-10-03 12:18:28', '2025-10-03 12:18:28'),
(3, 2, 2, 'PSV-TEST-002', 'Anderson Greenwood', '2021', 'Carbon Steel', 'Series 200', '1 inch', '2 inch', '0.965', '25.00', '26.00', '26.00', '22.00', '4.0%', '12.0%', 'Failed', 'Failed', 'Failed', '2025-10-03 12:18:28', '2025-10-03 12:18:28'),
(4, 3, 1, 'S-101-1', 'Baitu', '2025', 'BR', 'DA20- C1', '1.0"MNPT-1-1/4"FNPT', '1-1/4"FNPT', '1200 nm3/h', '22.00', '23.00', '22.00', '21.00', '0.0%', '4.5%', 'Passed', 'Satisfactory', 'Passed', '2025-10-03 12:29:53', '2025-10-03 12:29:53'),
(5, 3, 2, 'S-101-2', 'Baitu', '2025', 'BR', 'DA20- C1', '1.0"MNPT-1-1/4"FNPT', '1-1/4"FNPT', '1200 nm3/h', '22.00', '23.00', '22.00', '21.00', '0.0%', '4.5%', 'Passed', 'Satisfactory', 'Passed', '2025-10-03 12:29:53', '2025-10-03 12:29:53'),
(6, 6, 1, 'PSV-001', 'Baitu', '2023-06', 'Stainless Steel', 'DA20-C1', '1/2"MNPT-3/4"FNPT', '3/4"FNPT', '1200nm3/h', '22.00', '23.00', '22.50', '20.80', '2.3%', '5.5%', 'Passed', 'Satisfactory', 'Passed', '2025-10-03 14:55:58', '2025-10-03 14:55:58'),
(7, 6, 2, 'PSV-002', 'Goetze', '2024-03', 'Bronze', 'DA25-B1', '1.0"MNPT-1-1/4"FNPT', '1-1/4"FNPT', '1500nm3/h', '25.00', '26.00', '25.20', '23.50', '0.8%', '6.0%', 'Passed', 'Satisfactory', 'Passed', '2025-10-03 14:55:58', '2025-10-03 14:55:58'),
(8, 6, 3, 'PSV-003', 'Herose', '2024-09', 'GG', 'Herose-06388.1006', '1.0"MNPT-1-3/4"FNPT', '1-3/4"FNPT', '1800nm3/h', '30.00', '31.00', '30.50', '28.20', '1.7%', '6.0%', 'Passed', 'Satisfactory', 'Passed', '2025-10-03 14:55:58', '2025-10-03 14:55:58'),
(9, 7, 1, 'cc1', 'Herose', '2024-02', 'BR', 'Herose-06388.1006', '1.0"MNPT-1-1/4"FNPT', '1-1/4"FNPT', '1200nm3/h', '20.00', '21.00', '20.00', '21.00', '0.0%', '5.0%', 'Passed', 'Satisfactory', 'Passed', '2025-10-03 15:11:41', '2025-10-03 15:11:41'),
(10, 7, 2, 'cc1', 'Baitu', '2025-07', 'BR', 'DA20-C1', '1.0"MNPT-1-1/4"FNPT', '1-1/4"FNPT', '1200nm3/h', '25.00', '26.00', '25.00', '22.00', '0.0%', '12.0%', 'Passed', 'Failed', 'Failed', '2025-10-03 15:11:41', '2025-10-03 15:11:41');

-- Table structure for `test_reports`
DROP TABLE IF EXISTS `test_reports`;
CREATE TABLE `test_reports` (
  `id` int NOT NULL AUTO_INCREMENT,
  `report_number` varchar(50) NOT NULL,
  `operator_id` int NOT NULL,
  `operator_name` varchar(100) NOT NULL,
  `company` varchar(100) NOT NULL,
  `valve_tag_number` varchar(100) DEFAULT NULL,
  `valve_manufacturer` varchar(100) DEFAULT NULL,
  `valve_model` varchar(100) DEFAULT NULL,
  `valve_size` varchar(50) DEFAULT NULL,
  `valve_type` varchar(100) DEFAULT NULL,
  `set_pressure` decimal(10,2) DEFAULT NULL,
  `set_pressure_unit` varchar(20) DEFAULT NULL,
  `test_date` date NOT NULL,
  `test_location` varchar(200) DEFAULT NULL,
  `test_medium` varchar(100) DEFAULT NULL,
  `test_temperature` decimal(10,2) DEFAULT NULL,
  `test_temperature_unit` varchar(20) DEFAULT NULL,
  `opening_pressure` decimal(10,2) DEFAULT NULL,
  `closing_pressure` decimal(10,2) DEFAULT NULL,
  `seat_tightness` varchar(100) DEFAULT NULL,
  `test_result` enum('pass','fail','conditional') DEFAULT 'pass',
  `remarks` text,
  `attachments` json DEFAULT NULL,
  `status` enum('pending','approved','rejected') DEFAULT 'pending',
  `approved_by` int DEFAULT NULL,
  `approved_at` timestamp NULL DEFAULT NULL,
  `rejection_reason` text,
  `created_at` timestamp NULL DEFAULT CURRENT_TIMESTAMP,
  `updated_at` timestamp NULL DEFAULT CURRENT_TIMESTAMP ON UPDATE CURRENT_TIMESTAMP,
  PRIMARY KEY (`id`),
  UNIQUE KEY `report_number` (`report_number`)
) ENGINE=InnoDB AUTO_INCREMENT=2 DEFAULT CHARSET=utf8mb4 COLLATE=utf8mb4_0900_ai_ci;

-- Table structure for `users`
DROP TABLE IF EXISTS `users`;
CREATE TABLE `users` (
  `id` int NOT NULL AUTO_INCREMENT,
  `username` varchar(50) NOT NULL,
  `password` varchar(255) NOT NULL,
  `name` varchar(100) NOT NULL,
  `email` varchar(100) NOT NULL,
  `role` enum('operator','admin','supervisor') NOT NULL DEFAULT 'operator',
  `company` varchar(100) NOT NULL,
  `is_active` tinyint(1) DEFAULT '1',
  `last_login` timestamp NULL DEFAULT NULL,
  `created_at` timestamp NULL DEFAULT CURRENT_TIMESTAMP,
  `updated_at` timestamp NULL DEFAULT CURRENT_TIMESTAMP ON UPDATE CURRENT_TIMESTAMP,
  PRIMARY KEY (`id`),
  UNIQUE KEY `username` (`username`),
  UNIQUE KEY `email` (`email`),
  KEY `idx_username` (`username`),
  KEY `idx_email` (`email`),
  KEY `idx_role` (`role`)
) ENGINE=InnoDB AUTO_INCREMENT=4 DEFAULT CHARSET=utf8mb4 COLLATE=utf8mb4_0900_ai_ci;

-- Data for table `users`
INSERT INTO `users` (`id`, `username`, `password`, `name`, `email`, `role`, `company`, `is_active`, `last_login`, `created_at`, `updated_at`) VALUES
(1, 'admin', '$2b$10$Ges2NlWezE7.7Op/Vq6m5OLIS0w351eVLYb4f9bXHS3Uabl8MSyhy', 'Michel', 'admin@valvetest.com', 'admin', 'Valve Test Suite', 1, '2025-10-03 16:21:35', '2025-09-30 16:28:17', '2025-10-03 16:21:35'),
(2, 'operator1', '$2b$10$o.i2zfhmmjBhwrwupoDt/OrsHXdhHT4GtT2K8T.1at6Hu6qJfKNH.', 'Hossien Sajib', 'operator@valvetest.com', 'operator', 'KryoServe Engineering Pte Ltd', 1, '2025-10-03 15:19:42', '2025-09-30 16:28:17', '2025-10-03 15:19:42'),
(3, 'supervisor1', '$2b$10$wLCw573X4noh1/l52zEGvO4tWu4fbEBXSTTwgIr1I59oGM3kX5j96', 'Glenn Song', 'supervisor@valvetest.com', 'supervisor', 'Smart-Gas Pte Ltd', 1, '2025-10-03 16:17:30', '2025-09-30 16:28:17', '2025-10-03 16:17:30');

-- Table structure for `valve_bmm_combinations`
DROP TABLE IF EXISTS `valve_bmm_combinations`;
CREATE TABLE `valve_bmm_combinations` (
  `id` int NOT NULL AUTO_INCREMENT,
  `brand_id` int NOT NULL,
  `model_id` int NOT NULL,
  `material_id` int NOT NULL,
  `is_active` tinyint(1) DEFAULT '1',
  `created_at` timestamp NULL DEFAULT CURRENT_TIMESTAMP,
  PRIMARY KEY (`id`),
  UNIQUE KEY `unique_bmm` (`brand_id`,`model_id`,`material_id`),
  KEY `model_id` (`model_id`),
  KEY `material_id` (`material_id`),
  CONSTRAINT `valve_bmm_combinations_ibfk_1` FOREIGN KEY (`brand_id`) REFERENCES `valve_brands` (`id`) ON DELETE CASCADE,
  CONSTRAINT `valve_bmm_combinations_ibfk_2` FOREIGN KEY (`model_id`) REFERENCES `valve_models` (`id`) ON DELETE CASCADE,
  CONSTRAINT `valve_bmm_combinations_ibfk_3` FOREIGN KEY (`material_id`) REFERENCES `valve_materials` (`id`) ON DELETE CASCADE
) ENGINE=InnoDB DEFAULT CHARSET=utf8mb4 COLLATE=utf8mb4_0900_ai_ci;

-- Table structure for `valve_brands`
DROP TABLE IF EXISTS `valve_brands`;
CREATE TABLE `valve_brands` (
  `id` int NOT NULL AUTO_INCREMENT,
  `brand_name` varchar(100) NOT NULL,
  `is_active` tinyint(1) DEFAULT '1',
  `created_at` timestamp NULL DEFAULT CURRENT_TIMESTAMP,
  PRIMARY KEY (`id`),
  UNIQUE KEY `brand_name` (`brand_name`)
) ENGINE=InnoDB AUTO_INCREMENT=10 DEFAULT CHARSET=utf8mb4 COLLATE=utf8mb4_0900_ai_ci;

-- Data for table `valve_brands`
INSERT INTO `valve_brands` (`id`, `brand_name`, `is_active`, `created_at`) VALUES
(1, 'Baitu', 1, '2025-10-03 12:06:53'),
(2, 'Goetze', 1, '2025-10-03 12:06:53'),
(3, 'Herose', 1, '2025-10-03 12:06:53'),
(9, 'Test Brand 1759499243689', 1, '2025-10-03 13:47:23');

-- Table structure for `valve_io_sizes`
DROP TABLE IF EXISTS `valve_io_sizes`;
CREATE TABLE `valve_io_sizes` (
  `id` int NOT NULL AUTO_INCREMENT,
  `inlet_size` varchar(50) NOT NULL,
  `outlet_size` varchar(50) NOT NULL,
  `is_active` tinyint(1) DEFAULT '1',
  `created_at` timestamp NULL DEFAULT CURRENT_TIMESTAMP,
  PRIMARY KEY (`id`),
  UNIQUE KEY `unique_combination` (`inlet_size`,`outlet_size`)
) ENGINE=InnoDB AUTO_INCREMENT=10 DEFAULT CHARSET=utf8mb4 COLLATE=utf8mb4_0900_ai_ci;

-- Data for table `valve_io_sizes`
INSERT INTO `valve_io_sizes` (`id`, `inlet_size`, `outlet_size`, `is_active`, `created_at`) VALUES
(1, '1.0"MNPT-1-1/4"FNPT', '1-1/4"FNPT', 1, '2025-10-03 12:06:53'),
(2, '1.0"MNPT-1-3/4"FNPT', '1-3/4"FNPT', 1, '2025-10-03 12:06:53'),
(3, '1/2"MNPT-3/4"FNPT', '3/4"FNPT', 1, '2025-10-03 12:06:53'),
(4, '3/4"MNPT-1"FNPT', '1"FNPT', 1, '2025-10-03 12:06:53');

-- Table structure for `valve_materials`
DROP TABLE IF EXISTS `valve_materials`;
CREATE TABLE `valve_materials` (
  `id` int NOT NULL AUTO_INCREMENT,
  `material_name` varchar(100) NOT NULL,
  `is_active` tinyint(1) DEFAULT '1',
  `created_at` timestamp NULL DEFAULT CURRENT_TIMESTAMP,
  PRIMARY KEY (`id`),
  UNIQUE KEY `material_name` (`material_name`)
) ENGINE=InnoDB AUTO_INCREMENT=10 DEFAULT CHARSET=utf8mb4 COLLATE=utf8mb4_0900_ai_ci;

-- Data for table `valve_materials`
INSERT INTO `valve_materials` (`id`, `material_name`, `is_active`, `created_at`) VALUES
(1, 'BR', 1, '2025-10-03 12:06:53'),
(2, 'SS', 1, '2025-10-03 12:06:53'),
(3, 'Bronze', 1, '2025-10-03 12:06:53'),
(4, 'GG', 1, '2025-10-03 13:24:36'),
(9, 'Test Material 1759499243696', 1, '2025-10-03 13:47:23');

-- Table structure for `valve_models`
DROP TABLE IF EXISTS `valve_models`;
CREATE TABLE `valve_models` (
  `id` int NOT NULL AUTO_INCREMENT,
  `model_name` varchar(100) NOT NULL,
  `brand_id` int DEFAULT NULL,
  `is_active` tinyint(1) DEFAULT '1',
  `created_at` timestamp NULL DEFAULT CURRENT_TIMESTAMP,
  PRIMARY KEY (`id`),
  KEY `brand_id` (`brand_id`),
  CONSTRAINT `valve_models_ibfk_1` FOREIGN KEY (`brand_id`) REFERENCES `valve_brands` (`id`) ON DELETE SET NULL
) ENGINE=InnoDB AUTO_INCREMENT=31 DEFAULT CHARSET=utf8mb4 COLLATE=utf8mb4_0900_ai_ci;

-- Data for table `valve_models`
INSERT INTO `valve_models` (`id`, `model_name`, `brand_id`, `is_active`, `created_at`) VALUES
(26, 'DA20-C1', 1, 1, '2025-10-03 13:28:40'),
(27, 'DA22-40P (20C1)', 1, 1, '2025-10-03 13:29:17'),
(28, 'DA22-40P (25B1)', 1, 1, '2025-10-03 13:29:28'),
(29, 'DA25-B1', 2, 1, '2025-10-03 13:29:51'),
(30, 'Herose-06388.1006', 3, 1, '2025-10-03 13:30:38');

-- Table structure for `valve_serials`
DROP TABLE IF EXISTS `valve_serials`;
CREATE TABLE `valve_serials` (
  `id` int NOT NULL AUTO_INCREMENT,
  `equipment_no` varchar(100) NOT NULL,
  `serial_number` varchar(100) NOT NULL,
  `is_active` tinyint(1) DEFAULT '1',
  `created_at` timestamp NULL DEFAULT CURRENT_TIMESTAMP,
  PRIMARY KEY (`id`),
  UNIQUE KEY `unique_serial` (`equipment_no`,`serial_number`),
  KEY `idx_equipment_no` (`equipment_no`)
) ENGINE=InnoDB AUTO_INCREMENT=25 DEFAULT CHARSET=utf8mb4 COLLATE=utf8mb4_0900_ai_ci;

-- Data for table `valve_serials`
INSERT INTO `valve_serials` (`id`, `equipment_no`, `serial_number`, `is_active`, `created_at`) VALUES
(1, 'SMAU 9220460', 'PSV-001', 1, '2025-10-03 12:06:53'),
(2, 'SMAU 9220460', 'PSV-002', 1, '2025-10-03 12:06:53'),
(3, 'SMAU 9220460', 'PSV-003', 1, '2025-10-03 12:06:53'),
(4, 'SMAU 9220461', 'PSV-101', 1, '2025-10-03 12:06:53'),
(5, 'SMAU 9220461', 'PSV-102', 1, '2025-10-03 12:06:53'),
(6, 'SMAU 9220462', 'PSV-201', 1, '2025-10-03 12:06:53'),
(7, 'SMAU 9220462', 'PSV-202', 1, '2025-10-03 12:06:53'),
(8, 'SMAU 9220462', 'PSV-203', 1, '2025-10-03 12:06:53'),
(9, 'TEST-001', 'PSV-MIN-001', 1, '2025-10-03 12:18:20'),
(10, 'SMAU 9220460', 'PSV-TEST-001', 1, '2025-10-03 12:18:28'),
(11, 'SMAU 9220460', 'PSV-TEST-002', 1, '2025-10-03 12:18:28'),
(12, 'SMAU101', 'S-101-1', 1, '2025-10-03 12:29:53'),
(13, 'SMAU101', 'S-101-2', 1, '2025-10-03 12:29:53'),
(14, 'SMAU 9220460', 'TEST-SERIAL-1759499243703', 1, '2025-10-03 13:47:23'),
(15, 'SMAU102', 'S-102-1', 1, '2025-10-03 13:57:51'),
(16, 'ss', 'ss1', 1, '2025-10-03 14:01:02'),
(17, 'SMAU102', 'S-102-2', 1, '2025-10-03 14:19:30'),
(18, 'SMAU102', 'S-102-3', 1, '2025-10-03 14:20:23'),
(19, 'ss12', 'dd1', 1, '2025-10-03 14:28:11'),
(20, 'ss3', 'ss3-1', 1, '2025-10-03 14:32:15'),
(21, 'SMAU101', 'dd', 1, '2025-10-03 15:02:12'),
(22, 'SAMU104', 'cc1', 1, '2025-10-03 15:10:19');

-- Table structure for `valve_set_pressures`
DROP TABLE IF EXISTS `valve_set_pressures`;
CREATE TABLE `valve_set_pressures` (
  `id` int NOT NULL AUTO_INCREMENT,
  `set_pressure` decimal(10,2) NOT NULL,
  `input_pressure` decimal(10,2) NOT NULL,
  `is_active` tinyint(1) DEFAULT '1',
  `created_at` timestamp NULL DEFAULT CURRENT_TIMESTAMP,
  PRIMARY KEY (`id`)
) ENGINE=InnoDB AUTO_INCREMENT=9 DEFAULT CHARSET=utf8mb4 COLLATE=utf8mb4_0900_ai_ci;

-- Data for table `valve_set_pressures`
INSERT INTO `valve_set_pressures` (`id`, `set_pressure`, `input_pressure`, `is_active`, `created_at`) VALUES
(1, '15.00', '16.00', 1, '2025-10-03 12:06:53'),
(2, '20.00', '21.00', 1, '2025-10-03 12:06:53'),
(3, '22.00', '23.00', 1, '2025-10-03 12:06:53'),
(4, '25.00', '26.00', 1, '2025-10-03 12:06:53'),
(5, '30.00', '31.00', 1, '2025-10-03 12:06:53'),
(6, '35.00', '36.00', 1, '2025-10-03 12:06:53'),
(7, '40.00', '41.00', 1, '2025-10-03 12:06:53'),
(8, '50.00', '51.00', 1, '2025-10-03 12:06:53');

SET FOREIGN_KEY_CHECKS = 1;
COMMIT;
